Year,Aruba,Afghanistan,Angola,Albania,Andorra,Arab World,United Arab Emirates,Argentina,Armenia,American Samoa,Antigua and Barbuda,Australia,Austria,Azerbaijan,Burundi,Belgium,Benin,Burkina Faso,Bangladesh,Bulgaria,Bahrain,"Bahamas, The",Bosnia and Herzegovina,Belarus,Belize,Bermuda,Bolivia,Brazil,Barbados,Brunei Darussalam,Bhutan,Botswana,Central African Republic,Canada,Central Europe and the Baltics,Switzerland,Channel Islands,Chile,China,Cote d'Ivoire,Cameroon,"Congo, Dem. Rep.","Congo, Rep.",Colombia,Comoros,Cabo Verde,Costa Rica,Caribbean small states,Cuba,Curacao,Cayman Islands,Cyprus,Czech Republic,Germany,Djibouti,Dominica,Denmark,Dominican Republic,Algeria,Ecuador,"Egypt, Arab Rep.",Eritrea,Spain,Estonia,Ethiopia,Finland,Fiji,France,Faroe Islands,"Micronesia, Fed. Sts.",Gabon,United Kingdom,Georgia,Ghana,Gibraltar,Guinea,"Gambia, The",Guinea-Bissau,Equatorial Guinea,Greece,Grenada,Greenland,Guatemala,Guam,Guyana,"Hong Kong SAR, China",Honduras,Croatia,Haiti,Hungary,Indonesia,IDA only,Isle of Man,India,Ireland,"Iran, Islamic Rep.",Iraq,Iceland,Israel,Italy,Jamaica,Jordan,Japan,Kazakhstan,Kenya,Kyrgyz Republic,Cambodia,Kiribati,St. Kitts and Nevis,"Korea, Rep.",Kuwait,Latin America & Caribbean (excluding high income),Lao PDR,Lebanon,Liberia,Libya,St. Lucia,Latin America & Caribbean,Liechtenstein,Sri Lanka,Lesotho,Lithuania,Luxembourg,Latvia,"Macao SAR, China",St. Martin (French part),Morocco,Monaco,Moldova,Madagascar,Maldives,Middle East & North Africa,Mexico,Marshall Islands,Middle income,North Macedonia,Mali,Malta,Myanmar,Montenegro,Mongolia,Northern Mariana Islands,Mozambique,Mauritania,Mauritius,Malawi,Malaysia,Namibia,New Caledonia,Niger,Nigeria,Nicaragua,Netherlands,Norway,Nepal,Nauru,New Zealand,Oman,Other small states,Pakistan,Panama,Peru,Philippines,Palau,Papua New Guinea,Poland,Pre-demographic dividend,Puerto Rico,"Korea, Dem. Peopleâ€™s Rep.",Portugal,Paraguay,West Bank and Gaza,Pacific island small states,Post-demographic dividend,French Polynesia,Qatar,Romania,Russian Federation,Rwanda,South Asia,Saudi Arabia,Sudan,Senegal,Singapore,Solomon Islands,Sierra Leone,El Salvador,San Marino,Somalia,Serbia,Sub-Saharan Africa (excluding high income),South Sudan,Sub-Saharan Africa,Small states,Sao Tome and Principe,Suriname,Slovak Republic,Slovenia,Sweden,Eswatini,Sint Maarten (Dutch part),Seychelles,Syrian Arab Republic,Turks and Caicos Islands,Chad,Togo,Thailand,Tajikistan,Turkmenistan,Latin America & the Caribbean (IDA & IBRD countries),Timor-Leste,Tonga,Trinidad and Tobago,Tunisia,Turkey,Tuvalu,Tanzania,Uganda,Ukraine,Uruguay,United States,Uzbekistan,St. Vincent and the Grenadines,"Venezuela, RB",British Virgin Islands,Virgin Islands (U.S.),Vietnam,Vanuatu,World,Samoa,Kosovo,"Yemen, Rep.",South Africa,Zambia,Zimbabwe
1999,89005,20170844,15866869,3108778,64370,276393837,2966034,36467218,3089022,57053,74674,18926000,7992324,7982750,6267124,10226419,6664098,11282701,125189651,8210624,636541,294062,3743354,10026738,238988,61285,8257066,172318675,270451,326210,577881,1610264,3558014,30401286,109060951,7143991,147555,15162800,1252735000,16032573,15112592,45919613,3038433,38999468,528848,420452,3885430,6468479,11084670,139428,40420,926046,10283860,82100243,699975,69835,5321799,8343283,30623406,12442115,67515591,2237405,40386875,1390244,64343013,5165474,806303,60496718,46436,107781,1199052,58682466,4157192,18812359,30529,8054743,1277133,1177131,581770,10761698,102432,56100,11311078,153953,749674,6606500,6397151,4512597,8319057,10237530,208615169,700728462,76001,1038058156,3754786,64800880,22802064,277381,6125000,56916317,2632675,5031762,126631000,14928426,31098757,4840400,11886458,82972,43622,46616677,1951636,485702149,5235346,3747766,2699712,5275926,154995,513366723,32769,18663284,2019731,3524238,430475,2390482,418383,28116,28455509,31844,2929735,15282521,273527,309436741,97484832,50423,4548765062,2024394,10642936,387578,46181077,606001,2376225,55636,17244188,2561585,1175267,10854322,22661298,1763859,209214,10929918,119260063,4991040,15812088,4461913,23509964,10449,3835100,2254904,20540138,138624621,2971196,26078293,76325927,18776,5716161,38660271,535773390,3800081,22731482,10217828,5216349,2848431,1939992,1015421530,236221,570489,22472040,147214776,7501234,1365067928,20194527,26626520,9568722,3958723,401586,4462378,5844846,27145,8553601,7540401,646892639,5933882,648148316,28948609,139959,465380,5396020,1983045,8857874,994108,31084,80410,16013985,19065,8053536,4780448,62298571,6119661,4466135,497441716,873136,97482,1263933,9613588,62287397,9346,32682239,22952410,49674000,3308012,279040000,24311650,107758,23739841,20026,108599,79035871,181265,6034491778,173609,1762000,16921149,44338543,10140561,11822719
2000,90853,20779953,16395473,3089027,65390,282344154,3134062,36870787,3069591,57821,76016,19153000,8011566,8048600,6378871,10251250,6865951,11607942,127657854,8170172,664611,298051,3751176,9979610,247315,61833,8418264,174790340,271515,333165,591021,1643334,3640427,30685730,108447824,7184250,148443,15342353,1262645000,16454668,15513945,47105826,3127411,39629965,542357,428188,3962372,6513489,11126430,133860,42303,943290,10255063,82211508,717584,69650,5339616,8471321,31042235,12681123,68831561,2292416,40567864,1396985,66224804,5176209,811006,60912500,46735,107402,1228360,58892514,4077131,19278856,31077,8240730,1317703,1201301,606181,10805808,102833,56200,11589761,155329,746715,6665000,6574509,4468302,8463806,10210971,211513823,717995644,76941,1056575549,3805174,65623405,23497585,281205,6289000,56942108,2654701,5122493,126843000,14883626,31964557,4898400,12155239,84396,44083,47008111,2045123,492968023,5323700,3842778,2848456,5357891,156729,520903450,33184,18777601,2032804,3499536,436300,2367550,427782,28935,28793679,32147,2923783,15766806,279398,315326801,98899845,50753,4611084564,2034819,10946445,390087,46719701,604950,2397418,57453,17711927,2630219,1186873,11148758,23194257,1794571,213230,11331557,122283850,5069302,15925513,4490967,23941110,10337,3857700,2267973,20917092,142343578,3030328,26459944,77991755,19105,5847586,38258629,550660001,3810605,22929075,10289898,5323201,2922153,1962452,1020504904,240686,592468,22442971,146596869,7933681,1390946064,20663843,27275015,9797734,4027887,412660,4584571,5887936,27462,8872254,7516346,664059577,6199394,665327581,29393033,142262,470944,5388720,1988925,8872109,1005435,30519,81131,16410848,20164,8355654,4924402,62952642,6216341,4516133,504921262,884366,97973,1267153,9708350,63240194,9394,33499180,23650172,49176500,3319736,282162411,24650400,107784,24192446,20311,108642,79910412,184972,6114332537,174454,1700000,17409072,44967708,10415944,11881477
2001,92898,21606988,16945753,3060173,67341,288432163,3302719,37275652,3050687,58494,77212,19413000,8042293,8111200,6525545,10286570,7076733,11944587,130088702,8009142,697545,302618,3755512,9928549,255063,62504,8580235,177196054,272500,340034,603640,1674678,3722018,31020902,107660041,7229854,149097,15516113,1271850000,16853026,15928910,48428545,3217933,40255956,555888,435709,4034074,6559094,11164667,129047,43935,960276,10216605,82349925,733015,69661,5358783,8598601,31451514,12914667,70152661,2374722,40850412,1388115,68159423,5188008,813925,61357430,46997,107173,1258003,59119673,4014373,19756928,31602,8417081,1360074,1227106,631666,10862132,103249,56350,11871565,156401,745206,6714300,6751912,4299642,8608819,10187576,214427417,735758691,77703,1075000085,3866243,66449112,24208180,284968,6439000,56974100,2674702,5217336,127149000,14858335,32848564,4945100,12405408,85849,44602,47370164,2103282,500087458,5409582,3991001,2953927,5443248,158179,528283160,33552,18911730,2035740,3470818,441525,2337170,437938,29853,29126330,32470,2917252,16260932,286306,321297208,100298153,51422,4672320881,2042842,11271600,393028,47225120,607389,2419588,58321,18221888,2702400,1196287,11432000,23709119,1823672,217324,11751365,125394046,5145366,16046180,4513751,24347106,10215,3880500,2294962,21276743,145978402,3089648,26799285,79672873,19386,5974629,38248076,566366102,3818774,23132980,10362722,5428444,2997784,1984496,1025401800,244931,615012,22131970,145976482,8231156,1416822959,21202642,27971082,10036104,4138012,423944,4754072,5927006,27812,9186725,7503433,681678581,6447793,682956070,29820333,144755,476574,5378867,1992060,8895960,1013609,30600,81202,16766561,21573,8678051,5062567,63539196,6318513,4564083,512247471,901214,98487,1271632,9793903,64192243,9484,34385856,24388968,48662400,3325473,284968955,24964450,107896,24646472,20675,108549,80742499,189219,6193671774,175392,1701154,17918373,45571274,10692193,11923914
2002,94992,22600770,17519417,3051010,70049,294665185,3478777,37681749,3033978,59080,78295,19651400,8081957,8171950,6704113,10332785,7295394,12293100,132478086,7837161,735146,307660,3759387,9865548,262378,62912,8742814,179537520,273425,346782,616018,1704642,3802128,31360079,106959751,7284753,149596,15684409,1280400000,17231539,16357602,49871666,3310387,40875363,569479,442951,4100925,6604961,11199651,129205,45351,976964,10196916,82488495,746942,69837,5375931,8724975,31855109,13143465,71485043,2481058,41431558,1379350,70142091,5200598,815257,61805267,47233,107030,1288315,59370479,3978515,20246381,32102,8586074,1404261,1254453,658384,10902022,103634,56609,12147518,157176,744789,6744100,6929265,4302174,8754150,10158608,217357793,753924112,78318,1093317189,3931947,67284796,24931919,287523,6570000,57059007,2692845,5317506,127445000,14858948,33751739,4990700,12637727,87305,45168,47644736,2136997,507060155,5493246,4182205,3024729,5531089,159392,535509360,33879,19062482,2029829,3443067,446175,2310173,448821,30910,29454768,32806,2910504,16765117,294186,327362252,101684758,52370,4732698508,2048928,11616887,395969,47702171,609828,2443271,58420,18764155,2778099,1204621,11713664,24208391,1851523,221490,12189983,128596076,5219328,16148929,4538159,24725627,10102,3948500,2334858,21639132,149549700,3149188,27100968,81365258,19637,6098621,38230364,582828705,3823701,23339453,10419631,5531962,3075373,2006078,1030561684,248972,640868,21730496,145306497,8427060,1442644058,21805313,28704778,10283699,4175950,435432,4965766,5962136,28175,9501342,7496522,699777823,6688226,701066167,30250171,147447,482228,5376912,1994530,8924958,1019059,30777,83723,17084632,23232,9019233,5197031,64069087,6426867,4610005,519420817,922694,99022,1277213,9871251,65145367,9596,35334788,25167257,48202470,3326040,287625193,25271850,108097,25100408,21129,108510,81534407,193920,6272752973,176407,1702310,18443691,46150913,10971698,11954290
2003,97017,23680871,18121479,3039616,73182,301113849,3711932,38087868,3017932,59504,79300,19895400,8121423,8234100,6909154,10376133,7520555,12654621,134791603,7775327,778708,313129,3762173,9796749,269425,63325,8905823,181809246,274329,353293,627839,1734398,3881181,31644028,106624167,7339001,150068,15849652,1288400000,17599610,16800865,51425580,3406922,41483872,583211,449930,4164053,6650970,11229183,131897,46632,993563,10193998,82534176,759641,70100,5390574,8850317,32264157,13369678,72826097,2600973,42187645,1370720,72170584,5213014,816076,62244886,47432,106901,1319953,59647577,3951736,20750299,32555,8753093,1449925,1283305,686664,10928070,104005,56765,12415334,157717,745143,6730800,7106319,4303399,8900104,10129552,220309469,772456490,78884,1111523144,3996521,68122938,25644499,289521,6689700,57313203,2709437,5434030,127718000,14909018,34678779,5043300,12856163,88835,45749,47892330,2161626,513900749,5576640,4388375,3077058,5620547,160530,542599538,34175,19224037,2018348,3415213,451630,2287955,460165,32053,29782884,33153,2902320,17279141,302683,333608779,103081020,53456,4792552811,2053426,11982695,398582,48148902,612267,2468762,57947,19331100,2857148,1213370,12000181,24698819,1879117,225296,12647984,131900631,5292118,16225302,4564855,25080872,9994,4027200,2386166,22018494,153093373,3209048,27372226,83051971,19809,6223377,38204570,599938109,3826095,23542426,10458821,5632983,3154969,2027846,1035711708,252703,681788,21574326,144648618,8557161,1468324422,22456649,29460519,10541467,4114826,447017,5201070,5994077,28562,9815412,7480591,718420058,6935676,719716209,30697310,150415,487938,5373374,1995733,8958229,1022802,31472,82781,17415214,25011,9373916,5330639,64549866,6541547,4655743,526462542,947108,99589,1283559,9945277,66089402,9726,36337782,25980552,47812949,3323668,290107933,25567650,108326,25551624,21672,108506,82301656,198959,6351882363,177484,1703466,18985000,46719196,11256743,11982224
2004,98737,24726684,18758145,3026939,76244,307862843,4068570,38491972,3000720,59681,80336,20127400,8171966,8306500,7131693,10421137,7750004,13030569,136986432,7716860,829844,318894,3764194,9730146,276504,63740,9069039,184006481,275284,359433,638815,1765527,3959875,31940655,106331716,7389625,150716,16014971,1296075000,17970494,17259322,53068880,3510468,42075953,597228,456617,4225155,6696953,11250365,134192,47902,1010408,10197101,82516260,771603,70382,5404523,8974444,32692163,13596388,74172073,2719803,42921895,1362550,74239505,5228172,817860,62704895,47600,106625,1353795,59987905,3927340,21272323,32928,8925743,1496527,1313492,716949,10955141,104347,56911,12682108,158101,745737,6783500,7282953,4304600,9047077,10107146,223285676,791288291,79520,1129623456,4070262,68951281,26313838,292074,6809000,57685327,2725015,5580244,127761000,15012985,35635271,5104700,13066469,90499,46323,48082519,2200492,520642948,5662208,4569378,3135651,5710154,161816,549590595,34452,19387153,2005940,3377075,458095,2263122,471597,33186,30115214,33500,2895147,17802997,311265,340143481,104514932,54476,4852150916,2057048,12369070,401268,48564484,613353,2496391,57246,19910552,2939247,1221003,12301838,25190652,1907745,228750,13125916,135320422,5364935,16281779,4591910,25419344,9902,4087500,2445517,22442101,156664697,3269356,27624213,84710542,19867,6354245,38182222,617518671,3826878,23732731,10483861,5730549,3236626,2050572,1041075168,255992,753334,21451748,144067316,8680524,1493757846,23132682,30214193,10810083,4166664,458539,5433991,6023797,28940,10130243,7463157,737679777,7213351,738983255,31189626,153737,493680,5372280,1997012,8993531,1026286,32488,82475,17827825,26700,9734767,5467766,64995299,6662389,4703401,533415168,971893,100218,1290123,10022277,67010930,9869,37379767,26821297,47451626,3321476,292805298,25864350,108512,25996594,22334,108467,83062821,204127,6431551642,178590,1704622,19540098,47291610,11550642,12019912
2005,100031,25654277,19433602,3011487,78867,314965793,4588225,38892931,2981269,59562,81465,20394800,8227829,8391850,7364862,10478617,7982225,13421930,139035505,7658972,889164,324859,3765331,9663915,283800,64154,9232306,186127103,276323,365114,648739,1799078,4038382,32243753,106041911,7437115,151678,16182721,1303720000,18354514,17733410,54785903,3622775,42647731,611627,463032,4285502,6742709,11261582,137658,49261,1027662,10211216,82469422,783254,70589,5419432,9097257,33149724,13825847,75523569,2826659,43653155,1354775,76346311,5246096,821604,63179351,47722,106129,1390549,60401206,3902469,21814642,33219,9109581,1543741,1344930,749535,10987314,104661,56935,12948292,158402,746163,6813200,7458985,4310145,9195288,10087065,226289470,810355271,80305,1147609927,4159914,69762347,26922284,296734,6930100,57969484,2740003,5765635,127773000,15147029,36624895,5162600,13273354,92325,46852,48184561,2270198,527308236,5751676,4698763,3218116,5798614,163417,556504290,34713,19544988,1996114,3322528,465158,2238799,482858,34248,30455561,33843,2888111,18336724,319608,347029874,106005203,55258,4911767226,2060273,12775516,403834,48949924,614261,2526424,56542,20493925,3024194,1228254,12625952,25690611,1938320,232250,13624467,138865016,5438690,16319868,4623291,25744500,9849,4133900,2511251,22929109,160304008,3330217,27866145,86326250,19781,6494903,38165445,635451653,3821362,23904167,10503330,5824096,3320396,2074778,1046366694,258780,865416,21319685,143518814,8840215,1518861552,23816183,30949516,11090116,4265762,469918,5645624,6052123,29324,10446863,7440769,757613569,7535932,758924681,31746596,157472,499461,5372807,2000474,9029572,1030579,33011,82858,18361176,28180,10096633,5611640,65416189,6789321,4754646,540306214,995135,100905,1296502,10106771,67903469,10000,38450320,27684585,47105171,3321803,295516599,26167000,108614,26432447,23107,108454,83832661,209282,6511748367,179727,1705780,20107409,47880601,11856247,12076699
2006,100834,26433049,20149901,2992547,80993,322452754,5300174,39289878,2958307,59107,82704,20697900,8268641,8484550,7607849,10547958,8216897,13829176,140921167,7601022,958418,331033,3765424,9604924,291329,64523,9395446,188167356,277477,370263,657410,1835908,4118069,32571174,105772481,7483934,153008,16354504,1311020000,18754916,18223674,56578037,3745141,43200901,626425,469170,4345412,6788114,11261248,141239,50740,1045507,10238905,82376451,794563,70718,5437272,9218686,33641002,14059384,76873663,2918205,44397319,1346810,78489206,5266268,827870,63621381,47792,105371,1430152,60846820,3880347,22379055,33417,9307425,1591445,1377581,784496,11020362,104933,56774,13213330,158648,746343,6857100,7634298,4311159,9344785,10071370,229318262,829685531,81285,1165486291,4273591,70554760,27448124,303782,7053700,58143979,2754407,5991540,127854000,15308084,37649033,5218400,13477709,94343,47333,48438292,2373672,533896504,5846074,4759753,3329211,5886872,165381,563337673,34970,19695972,1989939,3269909,472637,2218357,493799,35237,30804683,34190,2880095,18880269,327487,354302463,107560153,55767,4971147431,2063131,13203378,405308,49301050,615025,2558856,55882,21080110,3111906,1233996,12973699,26201961,1971317,235750,14143971,142538308,5513763,16346101,4660677,26066693,9828,4184600,2580758,23486218,164022627,3391666,28102056,87888675,19540,6646895,38141267,653695022,3805214,24054864,10522288,5913209,3406334,2100869,1052054839,261010,1022711,21193760,143049637,9043337,1543610696,24498310,31661823,11382268,4401365,481078,5829237,6079399,29700,10763905,7411569,778248224,7907406,779566820,32375201,161681,505292,5373054,2006868,9080505,1036092,33441,84600,19059258,29391,10457124,5762880,65812536,6922587,4810109,547139425,1016432,101706,1302561,10201214,68756810,10120,39548663,28571475,46787786,3325401,298379912,26488250,108603,26850194,24023,108371,84617540,214370,6592734537,180876,1719536,20687646,48489459,12173514,12155491
2007,101222,27100536,20905363,2970017,82684,330290716,6168838,39684295,2932618,58365,84026,20827600,8295487,8581300,7862214,10625700,8454793,14252021,142660376,7545338,1035919,337389,3762786,9560953,299025,64888,9558439,190130443,278700,374965,664876,1875459,4198010,32889025,105378748,7551117,154636,16530195,1317885000,19171237,18730282,58453683,3876119,43737512,641620,475060,4404628,6833384,11251122,144056,52280,1063713,10298828,82266372,805451,70795,5461438,9338861,34166972,14296557,78232126,2996536,45226803,1340680,80674348,5288720,836190,64016225,47825,104444,1472575,61322463,3860158,22963946,33517,9518162,1639848,1411543,821687,11048473,105190,56555,13477017,158847,746474,6916300,7808518,4310217,9495328,10055780,232374245,849281038,82408,1183209472,4398942,71336475,27911248,311566,7180100,58438310,2768227,6255280,128001000,15484192,38705932,5268400,13679962,96527,47769,48683638,2504019,540405225,5944948,4767344,3461911,5974787,167639,570091451,35217,19842044,1986922,3231294,479993,2200325,504511,36137,31163673,34525,2873429,19433530,335169,361929136,109170502,56051,5030411014,2065426,13651464,406724,49621475,615875,2593820,55219,21673316,3202517,1239630,13341806,26720370,2006514,239250,14685399,146339977,5590055,16381696,4709153,26382581,9842,4223800,2657158,24104670,167808105,3453675,28333052,89405482,19158,6808514,38120560,672318833,3782995,24188331,10542964,5998427,3494496,2128664,1057981931,262721,1218434,20882982,142805114,9273757,1568003159,25184597,32360621,11687080,4588599,492132,5989633,6105810,30063,11080121,7381579,799583871,8315139,800908534,33066718,166300,511181,5374622,2018122,9148092,1042652,33811,85033,19878254,30385,10818024,5920359,66182067,7062672,4870141,553909968,1036392,102581,1308451,10304726,69581848,10221,40681414,29486338,46509355,3331749,301231207,26868000,108518,27247610,25047,108339,85419591,219472,6674203645,182046,1733404,21282515,49119759,12502958,12255922
2008,101358,27722276,21695634,2947314,83862,338395961,7089487,40080160,2907618,57492,85397,21249200,8321496,8763400,8126102,10709973,8696921,14689725,144304167,7492561,1114641,343681,3754271,9527985,306823,65273,9721454,192030362,279946,379421,671613,1915639,4273366,33247118,105001883,7647675,156433,16708258,1324655000,19605569,19252666,60411195,4011486,44254972,657229,480842,4463125,6878970,11236971,145880,53836,1081563,10384603,82110097,816358,70827,5493621,9458075,34730608,14535739,79636079,3062779,45954106,1337090,82916235,5313399,845361,64374984,47820,103543,1518540,61806995,3848449,23563825,33559,9738792,1689285,1446936,860840,11077841,105456,56328,13739299,159036,746817,6957800,7980955,4309705,9646580,10038188,235469762,869106787,83508,1200669765,4489544,72120604,28385746,317414,7308800,58826731,2781876,6556478,128063000,15674000,39791981,5318700,13883834,98761,48178,49054708,2656009,546848929,6046620,4764741,3607860,6058748,170011,576783744,35471,19983984,1987129,3198231,488650,2177322,515239,36885,31536811,34872,2867964,19996473,343452,369823252,110815271,56174,5090127273,2067313,14113577,409379,49929642,616969,2631898,54625,22276596,3296238,1244121,13727890,27236006,2043394,242750,15250908,150269623,5667432,16445593,4768212,26666576,9891,4259800,2750963,24762406,171648986,3516204,28562317,90901965,18704,6976201,38125759,691447610,3760866,24310142,10558177,6081296,3591977,2157454,1064394156,264061,1436665,20537875,142742366,9524534,1592010819,25888541,33060837,12004701,4839396,503360,6133603,6131764,30434,11397188,7350222,821614380,8736939,822945457,33798830,171120,517122,5379233,2021316,9219637,1049945,33964,86956,20664038,31202,11183588,6083420,66530984,7209930,4935767,560624659,1055431,103379,1314443,10414433,70418604,10314,41853944,30431736,46258189,3340221,304093966,27302800,108393,27635832,26097,108399,86243413,224704,6756917893,183263,1747383,21892146,49779471,12848530,12379549
2009,101455,28394813,22514281,2927519,84463,346629220,7917372,40482788,2888092,56683,86746,21691700,8343323,8947243,8397668,10796493,8944708,15141098,145924797,7444443,1185076,349604,3735938,9506765,314655,65636,9884781,193886508,281104,383906,678323,1953498,4337625,33628895,104800475,7743831,158178,16886186,1331260000,20059147,19789919,62448574,4145391,44750054,673252,486671,4520740,6925454,11226709,146833,55322,1098083,10443936,81902307,827823,70851,5523095,9576737,35333881,14774424,81134798,3119920,46362946,1334515,85233913,5338871,853637,64707040,47808,102975,1568928,62276270,3814419,24170940,33565,9964469,1740279,1483921,901599,11107017,105789,56323,14000190,159226,747718,6972800,8150775,4305181,9798046,10022650,238620563,889124646,84376,1217726215,4535375,72924837,28973162,318499,7485600,59095365,2795837,6893260,128047000,16092822,40901792,5383300,14093604,100930,48599,49307835,2821045,553244958,6148623,4813026,3754133,6133984,172221,583430031,35727,20123508,1990131,3162916,497783,2141669,526400,37377,31929087,35226,2864346,20569117,353398,377883993,112463887,56250,5150500972,2069039,14581429,412477,50250367,618294,2673796,54193,22894710,3393409,1247429,14128155,27735040,2081044,245950,15843133,154324933,5745526,16530388,4828726,26883535,9939,4302600,2876186,25417830,175525609,3579215,28792655,92414158,18285,7144776,38151603,711257522,3740410,24428341,10568247,6163972,3689099,2186314,1069878414,265254,1654950,20367487,142785349,9782770,1615610198,26630303,33783788,12335084,4987573,515181,6272734,6157686,30816,11717692,7320807,844320487,9142259,845655214,34529598,175876,523113,5386406,2039669,9298515,1057467,34238,87298,21205873,31934,11560147,6250835,66866839,7364753,5007954,567289601,1074277,103890,1320930,10525694,71321399,10424,43073834,31411096,46053331,3349676,306771529,27767400,108287,28031009,27039,108405,87092252,230247,6839574286,184556,1761474,22516460,50477011,13215139,12526968
2010,101669,29185507,23356246,2913021,84449,354890042,8549988,40788453,2877319,56079,88028,22031750,8363404,9054332,8675602,10895586,9199259,15605217,147575430,7395599,1240860,354942,3705472,9490583,322464,65124,10048590,195713635,282131,388646,685503,1987105,4386768,34004889,104421447,7824909,159734,17062536,1337705000,20532950,20341241,64563854,4273731,45222699,689692,492654,4577378,6973196,11225832,148703,56672,1112612,10474410,81776930,840198,70878,5547683,9695121,35977455,15011117,82761235,3170435,46576897,1331475,87639964,5363352,859818,65027507,47814,102911,1624140,62766365,3786695,24779619,33585,10192176,1793196,1522599,943639,11121341,106233,56905,14259687,159444,749436,7024200,8317470,4295427,9949322,10000023,241834215,909297080,84857,1234281170,4560155,73762519,29741976,318041,7623600,59277417,2810460,7261539,128070000,16321872,42030676,5447900,14312212,102927,49011,49554112,2991884,559496778,6249165,4953061,3891356,6197663,174085,589932554,35994,20261737,1995581,3097282,506953,2097555,538219,37582,32343389,35612,2861487,21151640,365734,385917886,114092963,56366,5211282517,2070741,15049353,414508,50600818,619428,2719896,53971,23531574,3494195,1250400,14539612,28208035,2118874,249750,16464025,158503197,5824065,16615394,4889252,27013212,10005,4350700,3041434,26050942,179424641,3642687,29027674,93966780,17955,7310507,38042794,731868772,3721525,24548836,10573100,6248020,3786161,2214519,1074865103,266455,1856327,20246871,142849468,10039338,1638792934,27421461,34545013,12678148,5076732,527861,6415634,6183875,31229,12043883,7291436,867684936,9508364,869025106,35238657,180371,529126,5391428,2048583,9378126,1064837,34056,89770,21362529,32660,11952136,6421679,67195028,7527394,5087213,573800630,1093523,103986,1328147,10635244,72326988,10530,44346525,32428167,45870741,3359275,309321666,28562400,108255,28439940,27794,108358,87967651,236211,6921871603,185949,1775680,23154855,51216964,13605984,12697723
2011,102046,30117413,24220661,2905195,83747,363158703,8946777,41261490,2876538,55759,89253,22340024,8391643,9173082,8958406,11038264,9460830,16081911,149273778,7348328,1278151,359577,3661175,9473172,330237,64564,10212954,197514534,282987,393688,693298,2015402,4418636,34339328,104174038,7912398,160998,17233576,1344130000,21028655,20906388,66755153,4394844,45662747,706569,498856,4633086,7022380,11236670,150831,57878,1124833,10496088,80274983,853674,70916,5570572,9813210,36661444,15243883,84529250,3213972,46742697,1327439,90139927,5388272,863449,65342780,47823,103450,1684635,63258810,3756441,25387710,33612,10420471,1848147,1562989,986853,11104899,106796,56890,14521515,159692,752028,7071600,8480671,4280622,10100320,9971727,245116206,929608108,84886,1250288729,4580084,74634956,30725300,319014,7765800,59379449,2825929,7663131,127833000,16557201,43178257,5514600,14541423,104728,49442,49936638,3168060,565881766,6347567,5202343,4017443,6247439,175544,596538552,36293,20398670,2003787,3028115,518347,2059709,550832,37446,32781850,36024,2859833,21743967,380495,393944527,115695473,56531,5272871745,2072487,15514591,416268,50990615,620079,2770362,54012,24187487,3598648,1252404,14962112,28650955,2156701,254350,17114761,162805071,5903039,16693074,4953088,27041437,10057,4384000,3251108,26647962,183340592,3706483,29264318,95570047,17745,7472200,38063255,753326798,3678732,24673385,10557560,6333976,3882986,2241798,1077815367,267698,2035871,20147528,142960908,10293331,1661534412,28267685,35349681,13033809,5183688,541521,6563240,6210568,31661,12376302,7234099,891706327,9830698,893046172,35912140,184524,535177,5398384,2052843,9449213,1072032,33435,87441,21082966,33377,12360989,6595943,67518382,7697510,5174085,580428962,1113151,103562,1336178,10741880,73443863,10633,45673338,33476919,45706086,3368934,311556874,29339400,108316,28888369,28319,108292,88871561,242653,7002860245,187469,1791000,23807588,52004172,14023193,12894316
2012,102560,31161376,25107931,2900401,82427,371443547,9141596,41733271,2884229,55667,90409,22733465,8429991,9295784,9245988,11106932,9729248,16571246,151007807,7305888,1299943,363584,3604972,9464495,338000,64798,10377676,199287296,283700,398989,701583,2039551,4436415,34714222,103935318,7996861,162056,17400347,1350695000,21547188,21485266,69020747,4510198,46075721,723871,505235,4688000,7072661,11257101,152088,58958,1135046,10510785,80425823,868136,70965,5591572,9930911,37383887,15474102,86422240,,46773055,1322696,92726971,5413971,865069,65659809,47843,104506,1749682,63700215,3728874,25996449,33646,10652029,1905011,1604979,1031191,11045011,107446,56810,14781942,159996,755399,7150100,8640691,4267558,10250930,9920362,248452413,950133158,84533,1265782790,4599533,75539862,31890011,320716,7910500,59539717,2842132,8090872,127629000,16792089,44343410,5607200,14780454,106370,49881,50199853,3348853,572223264,6444530,5538634,4135659,6285750,176646,603096250,36615,20425000,2014990,2987773,530946,2034319,564039,37009,33241898,36460,2859458,22346641,397237,401974219,117274155,56717,5334922532,2074278,15979499,420028,51413698,620601,2824699,54311,24862648,3706554,1255882,15396005,29068159,2194784,259000,17795191,167228767,5982526,16754962,5018573,26989862,10279,4408100,3498029,27227319,187281475,3770624,29506788,97212638,17640,7631002,38063164,775573001,3634488,24800612,10514844,6421512,3979998,2268708,1082327434,268998,2196074,20058035,143201721,10549678,1683747130,29155187,36193783,13401991,5312437,556064,6712581,6237923,32105,12715510,7199077,916382788,10113647,917726973,36568688,188404,541247,5407579,2057159,9519374,1079288,34640,88303,20442541,34066,12784750,6773807,67835957,7874835,5267900,587001215,1132994,102737,1344817,10847002,74653016,10739,47052481,34559168,45593342,3378974,313830990,29774500,108435,29362449,28650,108191,89802487,249499,7085762277,189088,1807106,24473178,52834005,14465121,13115131
2013,103159,32269589,26015780,2895092,80774,379705717,9197910,42202935,2897584,55713,91516,23128129,8479823,9416801,9540289,11159407,10004588,17072775,152764676,7265115,1315029,367168,3542605,9465997,345715,65001,10542376,201035903,284296,404421,710238,2062536,4447942,35082954,103713726,8089346,163038,17571507,1357380000,22087505,22077298,71358807,4622761,46495492,741505,511748,4742107,7123333,11282720,153822,59932,1143866,10514272,80645605,883293,71016,5614932,10048224,38140132,15707474,88404640,,46620045,1317997,95385785,5438972,865608,65998687,47892,105926,1817071,64128273,3717668,26607642,33692,10892810,1963711,1648257,1076413,10965211,108170,56483,15043981,160407,759285,7178900,8798521,4255689,10400673,9893082,251806402,970996512,83976,1280846129,4623816,76481943,33157050,323764,8059500,60233948,2858709,8520420,127445000,17035550,45519889,5719600,15026332,107890,50328,50428893,3526376,578500250,6541304,5914621,4248334,6320359,177513,609598313,36934,20585000,2028519,2957689,543360,2012647,577372,36453,33715693,36901,2858692,22961253,415593,409977872,118827161,56938,5397690332,2076067,16449864,425967,51852451,621207,2881792,54784,25560725,3817494,1258653,15839269,29468872,2233510,263650,18504255,171765769,6062454,16804432,5079623,26917906,10821,4442100,3764805,27794595,191262919,3835437,29773987,98871552,17606,7788379,38040196,798495530,3593077,24929452,10457295,6510276,4076708,2296101,1087064112,270328,2336574,19983693,143506995,10811543,1705772050,30052518,37072550,13782420,5399162,571335,6863980,6266070,32553,13063706,7164132,941692468,10355036,943041070,37214029,192087,547295,5413393,2059953,9600379,1086839,36607,89949,19584274,34731,13220424,6954721,68144501,8059769,5366375,593509457,1153295,101768,1353700,10952951,75928564,10857,48482266,35695246,45489648,3389439,315993715,30243200,108622,29783571,28847,108044,90753472,256635,7169638368,190717,1818117,25147109,53689236,14926504,13350356
2014,103774,33370794,26941779,2889104,79213,387907747,9214175,42669500,2912403,55791,92562,23475686,8546356,9535079,9844297,11209057,10286842,17586017,154520167,7223938,1336075,370633,3482104,9474511,353366,65138,10706517,202763735,284825,409769,719056,2088614,4464175,35437435,103496179,8188649,164100,17758959,1364270000,22647683,22681858,73767447,4736974,46967706,759390,518269,4795396,7173442,11306902,155909,60848,1152285,10525347,80982500,898696,71085,5643475,10165178,38923687,15951838,90424654,,46480882,1314545,98094253,5461512,866453,66312067,47960,107446,1883800,64602298,3719414,27224472,33725,11150977,2024042,1692439,1122276,10892413,108902,56295,15306316,161016,763380,7229500,8955589,4238389,10549008,9866468,255129004,992353813,83488,1295604184,4657740,77465753,34411951,327386,8215700,60789140,2875136,8920049,127276000,17288285,46699981,5835500,15274503,109391,50776,50746659,3690941,584677997,6639756,6262410,4359505,6362037,178296,616001190,37223,20778000,2043437,2932367,556319,1993782,590208,36015,34192347,37322,2856950,23589887,435015,417932241,120355128,57179,5460647361,2077775,16934220,434558,52280807,621810,2940108,55305,26286163,3930896,1260934,16289540,29866559,2273430,268050,19240157,176404902,6142733,16865008,5137232,26906926,11853,4509700,4027260,28364410,195306825,3901315,30090359,100513138,17626,7946731,38011735,821931240,3534874,25057752,10401062,6599526,4173398,2325136,1091996107,271705,2459198,19908979,143819666,11083635,1727640967,30916994,37977655,14174731,5469724,587079,7017144,6295128,32948,13423576,7130576,967607494,10554883,968959787,37862988,195727,553278,5418649,2061980,9696110,1095021,37685,91359,18715672,35369,13663559,7137997,68438730,8252833,5466328,599937483,1174331,101028,1362342,11063201,77231907,10972,49959822,36912148,45272156,3400434,318301008,30757700,108861,30045134,28989,107884,91714595,263888,7254226881,192221,1812771,25823485,54545991,15399753,13586681
2015,104341,34413603,27884381,2880703,78011,396028278,9262900,43131966,2925553,55812,93566,23815995,8642699,9649341,10160030,11274196,10575952,18110624,156256276,7177991,1371851,374206,3429361,9489616,360933,65237,10869730,204471769,285324,414907,727876,2120716,4493170,35702908,103257886,8282396,165385,17969353,1371220000,23226143,23298368,76244544,4856095,47520667,777424,524743,4847804,7222206,11324781,157980,61724,1160985,10546059,81686611,913993,71183,5683483,10281680,39728025,16212020,92442547,,46444832,1315407,100835458,5479531,868627,66548272,48051,108895,1947686,65116219,3725276,27849205,33736,11432088,2085860,1737202,1168568,10820883,109599,56114,15567419,161853,767432,7291300,9112916,4203604,10695542,9843028,258383256,1014341645,83234,1310152403,4701957,78492215,35572261,330815,8380100,60730582,2891021,9266575,127141000,17542806,47878336,5956900,15521436,110930,51204,51014947,3835591,590731803,6741164,6532678,4472230,6418315,179126,622301083,37470,20970000,2059021,2904910,569604,1977527,602085,35858,34663603,37718,2834530,24234088,454915,425821770,121858258,57439,5523478043,2079328,17438778,445053,52680726,622159,2998439,55780,27042002,4046301,1262605,16745303,30270962,2314904,272400,20001663,181137448,6223240,16939923,5188607,27015031,12475,4595700,4267348,28948869,199426964,3968487,30470734,102113212,17665,8107775,37986412,845759344,3473232,25183833,10358076,6688746,4270092,2355672,1096860060,273124,2565710,19815616,144096870,11369071,1749417068,31717667,38902950,14578459,5535002,603118,7171914,6325124,33272,13797201,7095383,994102454,10715658,995458478,38526747,199432,559136,5423801,2063531,9799186,1104044,38825,93419,17997408,35981,14110975,7323158,68714511,8454028,5565287,606271969,1196302,100781,1370328,11179949,78529409,11099,51482633,38225453,45154036,3412009,320635163,31298900,109148,30081829,29152,107710,92677076,271130,7338964954,193513,1788196,26497889,55386367,15879361,13814629
2016,104872,35383128,28842484,2876101,77297,404024435,9360980,43590368,2936146,55741,94527,24190907,8736668,9757812,10487998,11331422,10872067,18646378,157970840,7127822,1425791,377931,3386267,9501534,368400,64554,11031813,206163058,285796,419800,736709,2159944,4537687,36109487,102994278,8373338,166923,18209068,1378665000,23822714,23926539,78789127,4980999,48175048,795592,531146,4899345,7269385,11335109,159664,62569,1170187,10566332,82348669,929112,71307,5728010,10397743,40551404,16491115,94447072,,46484062,1315790,103603501,5495303,872399,66724104,48173,110215,2007873,65611593,3727505,28481946,33737,11738441,2149139,1782437,1215179,10775971,110261,56186,15827690,162951,771366,7336600,9270795,4174349,10839970,9814023,261554226,1037013999,83287,1324509589,4755335,79564016,36610632,335439,8546000,60627498,2906238,9551467,126994511,17794055,49051686,6079500,15766293,112524,51629,51217803,3956875,596647568,6845846,6711121,4586788,6492164,180024,628488528,37658,21203000,2075001,2868231,582014,1959537,612836,36065,35126296,38070,2802170,24894380,475513,433597628,123333376,57735,5586453059,2080745,17965429,455356,53045226,622303,3056359,56188,27829942,4163534,1263473,17205289,30684804,2358041,276550,20788838,185960289,6303974,17030314,5234519,27261131,13049,4693200,4479219,29542879,203627284,4037078,30926032,103663927,17725,8271760,37970087,869943914,3406672,25307744,10325452,6777872,4367088,2388307,1101715022,274575,2654374,19702267,144342396,11668818,1771167194,32442572,39847440,14993528,5607283,619437,7328838,6356143,33504,14185613,7058322,1021168391,10832512,1022526541,39200571,203227,564883,5430798,2065042,9923085,1113984,39969,94677,17453933,36559,14561666,7509952,68971331,8663579,5662372,612506457,1219288,101133,1377564,11303946,79821724,11225,53050790,39647506,45004674,3424132,322941311,31847900,109459,29846179,29355,107510,93638724,278330,7424286143,194535,1777557,27168210,56203654,16363507,14030390
2017,105366,36296400,29816748,2873457,77001,411898967,9487203,44044811,2944809,55620,95426,24601860,8797566,9854033,10827024,11375158,11175204,19193284,159670593,7075947,1494074,381761,3351527,9498264,375769,63873,11192854,207833831,286233,424473,745568,2205128,4596028,36543321,102738653,8451840,168665,18470439,1386395000,24437469,24566045,81398764,5110702,48909844,813892,537497,4949954,7314986,11339259,160175,63382,1179680,10594438,82657002,944097,71458,5764980,10513131,41389198,16785361,96442593,,46593236,1317384,106400024,5508214,877459,66864379,48331,111459,2064823,66058859,3728004,29121471,33728,12067539,2213894,1828146,1262001,10754679,110874,56172,16087418,164281,775221,7391700,9429013,4124531,10982366,9787966,264645886,1060353842,83598,1338658835,4807388,80673951,37552781,343400,8713300,60536709,2920853,9779173,126785797,18037776,50221473,6198200,16009414,114158,52036,51361911,4056099,602435369,6953035,6811873,4702228,6580724,180955,634554056,37800,21444000,2091412,2828403,596336,1942248,622585,36560,35581294,38392,2755158,25570540,496402,441255236,124777324,58058,5649246749,2081996,18512394,467999,53382581,622373,3113779,56562,28649007,4282574,1264613,17670260,31105028,2402603,280350,21602472,190873311,6384855,17131296,5276968,27627124,12876,4793900,4665935,30148800,207896686,4106771,31444297,105173264,17808,8438029,37974826,894512725,3325286,25429985,10300300,6867062,4454805,2422086,1105771602,276103,2724724,19587290,144496740,11980937,1792835608,33099147,40813396,15419381,5612253,636038,7488431,6388122,33671,14589119,7020858,1048793216,10910759,1050153672,39885872,207089,570501,5439232,2066388,10057698,1124753,40574,95843,17068002,37115,15016773,7698475,69209858,8880268,5757669,618641500,1243261,101998,1384072,11433443,81101892,11370,54663906,41162465,44831135,3436646,324985539,32388600,109827,29390409,29577,107268,94596642,285510,7509074479,195352,1791003,27834821,57000451,16853688,14236745
2018,105845,37172386,30809762,2866376,77006,419790591,9630959,44494502,2951776,55465,96286,24982688,8840521,9939771,11175378,11427054,11485048,19751535,161356039,7025037,1569439,385640,3323929,9483499,383071,63920,11353142,209469333,286641,428962,754394,2254126,4666377,37057765,102537026,8514329,170499,18729160,1392730000,25069229,25216237,84068091,5244363,49661056,832322,543767,4999441,7358958,11338138,159800,64174,1189265,10629928,82905782,958920,71625,5793636,10627165,42228429,17084357,98423595,,46797754,1321977,109224559,5515525,883483,66965912,48497,112640,2119275,66460344,3726549,29767108,33718,12414318,2280102,1874309,1308974,10732882,111454,56023,16346950,165768,779004,7451000,9587522,4087843,11123176,9775564,267663435,1084366301,84077,1352617328,4867316,81800269,38433600,352721,8882800,60421760,2934855,9956011,126529100,18276498.5,51393010,6322800,16249798,115847,52438,51606633,4137312,608125444,7061507,6848925,4818977,6678567,181889,640467174,37910,21670000,2108132,2801543,607950,1927174,631636,37264,36029138,38682,2706049,26262368,515696,448912962,126190788,58413,5710101974,2082958,19077690,484630,53708395,622227,3170208,56882,29495962,4403319,1265303,18143315,31528585,2448255,284060,22442948,195874740,6465513,17231624,5311916,28087871,12704,4841000,4829483,30760211,212215030,4176873,31989256,106651922,17907,8606316,37974750,919485393,3193354,25549819,10283822,6956071,4569087,2457367,1109441474,277679,2781677,19472545,144477860,12301939,1814388744,33699947,41801533,15854360,5638676,652858,7650154,6420744,33785,15008154,6982604,1076944455,10975920,1078306520,40576536,211028,575987,5446771,2073894,10175214,1136191,40654,96762,16906283,37665,15477751,7889094,69428524,9100837,5850908,624681220,1267972,103197,1389858,11565204,82319724,11508,56318348,42723139,44622518,3449299,326687501,32956100,110210,28870195,29802,106977,95540395,292680,7591945271,196130,1797085,28498687,57779622,17351822,14439018
2019,106314,38041754,31825295,2854191,77142,427870270,9770529,44938712,2957731,55312,97118,25364307,8877067,10023318,11530580,11484055,11801151,20321378,163046161,6975761,1641172,389482,3301000,9466856,390353,63918,11513100,211049527,287025,433285,763092,2303697,4745185,37589262,102378579,8574832,172259,18952038,1397715000,25716544,25876380,86790567,5380508,50339443,850886,549935,5047561,7401383,11333483,157538,64948,1198575,10669709,83132799,973560,71808,5818553,10738958,43053054,17373662,100388073,,47076781,1326590,112078730,5520314,889953,67059887,48678,113815,2172579,66834405,3720382,30417856,33701,12771246,2347706,1920922,1355986,10716322,112003,56225,16604026,167294,782766,7507400,9746117,4067500,11263077,9769949,270625568,1109126698,84584,1366417754,4941444,82913906,39309783,361313,9053300,60297396,2948279,10101694,126264931,18513930,52573973,6456900,16486542,117606,52834,51709098,4207083,613773119,7169455,6855713,4937374,6777452,182790,646430843,38019,21803000,2125268,2786844,619896,1912789,640445,38002,36471769,38964,2657637,26969307,530953,456707404,127575529,58791,5769226171,2083459,19658031,502653,54045420,622137,3225167,57216,30366036,4525696,1265711,18628747,31949777,2494530,287800,23310715,200963599,6545502,17332850,5347896,28608710,12581,4917000,4974986,31360407,216565318,4246439,32510453,108116615,18008,8776109,37970874,944902749,3193694,25666161,10269417,7044636,4685306,2493696,1112914457,279287,2832067,19356544,144373535,12626950,1835776742,34268528,42813238,16296364,5703569,669823,7813215,6453553,33860,15442905,6944975,1105594562,11062113,1106957898,41255486,215056,581363,5454073,2087946,10285453,1148130,40733,97625,17070135,38191,15946876,8082366,69625582,9321018,5942089,630644772,1293119,104494,1394973,11694719,83429615,11646,58005463,44269594,44385155,3461734,328239523,33580650,110589,28515829,30030,106631,96462106,299882,7673533974,197097,1794248,29161922,58558270,17861030,14645468